Rk,School,W-L%,SRS,SOS,Tm.,Opp.,Pace,ORtg,FTr,3PAr,TS%,TRB%,AST%,STL%,BLK%,eFG%,TOV%,ORB%,FT/FGA
1,Abilene Christian,.500,-1.06,-3.39,2134,1948,69.7,101.7,.259,.427,.533,52.2,54.3,11.2,7.3,.508,18.4,34.3,.179
2,Air Force,.419,-0.55,1.69,1972,2017,70.7,89.9,.262,.276,.476,45.0,50.5,15.4,4.7,.441,16.8,25.7,.189
3,Akron,.567,-2.72,-1.93,2057,1998,72.3,94.5,.326,.367,.528,50.0,64.9,10.3,9.8,.484,19.3,23.7,.251
4,Alabama NCAA,.655,21.56,11.46,2007,1733,68.5,101.1,.262,.415,.540,50.9,53.5,12.4,9.9,.514,19.1,32.2,.186
5,Alabama A&M,.483,-15.69,-11.17,1647,1778,69.2,81.3,.329,.293,.439,50.5,48.2,8.6,6.9,.392,21.1,32.1,.232
6,Alabama State,.516,-15.07,-7.57,1963,2177,71.0,87.8,.370,.284,.490,48.2,53.0,10.1,7.9,.443,22.5,32.6,.266
7,Albany (NY),.667,-5.40,-9.40,1928,1796,62.8,92.6,.262,.321,.506,52.4,53.6,9.6,7.5,.473,20.4,31.4,.191
8,Alcorn State,.414,-15.47,-9.70,1859,1926,75.7,84.3,.348,.279,.449,49.1,59.9,11.3,10.7,.416,19.9,32.2,.214
9,American,.290,-14.44,-5.53,1805,2081,71.5,81.1,.249,.260,.469,46.1,59.1,11.1,4.3,.434,23.0,25.0,.182
10,Appalachian State,.355,-7.39,-2.29,2081,2140,73.8,90.2,.308,.407,.480,46.4,49.9,11.8,4.4,.448,18.3,29.0,.203
11,Arizona NCAA,.700,24.39,14.83,2231,1944,72.2,101.8,.295,.259,.511,49.6,52.4,14.7,7.6,.481,14.5,31.7,.203
12,Arizona State,.286,7.23,15.91,1829,2072,72.2,89.7,.299,.277,.443,45.8,43.3,9.6,7.4,.397,14.3,29.7,.219
13,Arkansas,.636,19.86,13.59,2408,2201,74.6,97.1,.384,.446,.507,47.8,53.3,9.0,10.2,.470,15.9,26.4,.258
14,Arkansas State,.406,-8.81,-5.26,2222,2287,74.7,91.9,.275,.321,.473,48.3,49.8,11.0,5.3,.433,17.4,31.8,.205
15,Arkansas-Pine Bluff,.452,-12.69,-9.19,1999,2065,75.2,85.4,.436,.236,.465,51.4,55.8,11.0,9.2,.431,21.8,35.4,.261
16,Army,.433,-13.68,-8.92,1827,1941,68.5,88.2,.259,.392,.466,51.3,48.7,8.6,5.3,.437,19.3,32.6,.172
17,Auburn,.517,12.64,12.33,1937,1928,74.5,89.3,.313,.234,.470,47.3,50.0,13.2,11.1,.434,18.4,30.9,.212
18,Austin Peay,.586,-2.30,-3.98,1725,1632,66.4,89.6,.347,.251,.511,51.2,51.0,12.2,6.4,.470,22.7,28.8,.251
19,Ball State,.758,9.85,-0.78,2561,2167,72.6,105.7,.310,.390,.561,50.3,58.2,10.7,11.1,.535,16.3,27.4,.217
20,Baylor NCAA,.613,23.43,14.17,2232,1945,72.8,97.7,.265,.332,.507,52.1,64.0,10.5,7.5,.480,17.8,32.4,.181
21,Bellarmine,.300,-12.69,-2.90,1834,2052,72.9,83.5,.333,.231,.467,53.4,55.3,9.8,11.5,.427,23.4,34.1,.226
22,Belmont,.676,10.44,5.41,2420,2249,69.1,102.6,.308,.418,.536,48.6,56.6,8.3,9.5,.507,16.3,28.3,.215
23,Bethune-Cookman,.379,-13.35,-9.42,1760,1874,72.5,82.6,.390,.247,.435,47.1,41.0,13.6,4.4,.393,19.4,31.5,.247
24,Binghamton,.433,-13.41,-11.88,1832,1832,70.6,86.1,.242,.270,.462,48.4,54.7,12.4,6.2,.433,18.6,27.3,.164
25,Boise State,.515,-0.55,-0.07,2176,2068,71.1,92.0,.314,.312,.493,55.3,59.7,6.4,13.8,.461,20.4,34.8,.211
26,Boston College,.485,11.22,12.04,2175,2202,74.1,88.7,.311,.275,.484,53.2,58.9,11.4,8.9,.452,22.6,36.8,.206
27,Boston University,.750,0.85,-10.44,2206,1845,68.1,100.8,.269,.302,.545,53.7,60.8,9.9,11.3,.518,19.0,30.6,.193
28,Bowling Green State,.818,10.61,-2.17,2556,2106,74.1,104.2,.255,.326,.522,51.0,58.5,15.6,6.5,.493,14.4,31.3,.184
29,Bradley,.125,-16.79,0.67,1825,2346,68.1,83.4,.234,.301,.460,45.2,56.0,8.8,3.7,.429,19.7,24.6,.165
30,Brigham Young,.500,7.05,5.44,2035,1961,67.2,94.2,.242,.303,.520,55.0,59.5,8.1,9.4,.492,21.5,31.9,.176
31,Brown,.423,-7.53,-2.53,1649,1718,73.2,86.6,.252,.394,.477,45.0,53.0,14.2,9.2,.462,20.2,26.3,.145
32,Bryant,.300,-20.02,-12.52,1848,1909,67.8,90.1,.247,.327,.474,49.4,49.7,11.9,8.3,.440,19.3,32.6,.180
33,Bucknell,.433,-8.55,-6.25,1708,1777,65.4,86.0,.296,.270,.482,49.3,52.4,6.0,5.5,.447,18.8,21.7,.206
34,Buffalo,.429,-3.82,-3.60,1823,1831,68.2,95.0,.287,.295,.520,48.5,55.6,9.9,4.7,.488,18.0,23.2,.206
35,Butler,.367,5.62,9.89,1832,1960,66.5,91.8,.241,.382,.520,49.1,56.0,8.3,3.9,.492,21.5,26.0,.175
36,Cal Poly,.357,-6.86,1.29,1547,1735,65.3,84.2,.297,.338,.461,47.9,56.9,10.7,6.4,.421,21.6,30.3,.210
37,Cal State Bakersfield,.258,-9.49,0.15,1605,1904,66.6,75.9,.271,.341,.429,45.6,45.6,11.6,13.7,.394,22.5,26.0,.181
38,Cal State Fullerton,.467,-2.63,-0.76,1838,1894,66.8,89.5,.311,.260,.492,48.0,54.8,10.7,6.6,.448,19.1,25.7,.232
39,Cal State Northridge,.226,-9.00,0.10,1813,2095,68.0,85.7,.302,.257,.482,50.0,50.1,10.9,7.0,.440,22.2,30.1,.222
40,California,.433,12.73,14.29,2042,2089,70.4,96.2,.250,.309,.502,49.3,57.2,7.8,7.7,.473,17.2,30.6,.178
41,California Baptist,.594,2.75,0.44,2352,2278,76.2,94.3,.311,.444,.495,49.6,67.0,12.4,7.8,.461,17.1,28.0,.214
42,Campbell,.516,-12.18,-14.56,1804,1629,66.8,87.1,.265,.423,.486,55.9,58.5,9.5,10.4,.468,24.2,35.8,.158
43,Canisius,.300,-17.16,-10.32,1799,2004,70.4,84.1,.258,.385,.465,47.6,51.6,11.1,5.3,.426,21.8,30.2,.191
44,Central Arkansas,.308,-17.18,-4.64,1337,1607,65.1,78.3,.285,.213,.426,49.2,40.7,9.7,6.2,.391,21.5,30.7,.185
45,Central Connecticut State,.241,-22.56,-14.90,1647,1869,67.7,83.5,.249,.315,.453,49.0,51.2,11.2,7.2,.414,21.4,32.6,.185
46,Central Florida,.483,1.17,2.76,1757,1803,71.5,83.3,.346,.291,.432,52.4,50.8,10.6,8.6,.386,20.4,37.3,.234
47,Central Michigan,.207,-10.46,-0.74,1873,2155,71.0,90.2,.217,.353,.473,51.1,47.2,10.4,7.2,.446,20.6,35.8,.151
48,Charleston Southern,.167,-28.28,-9.62,1601,2107,72.9,72.9,.206,.361,.419,46.7,48.8,10.7,7.0,.388,24.6,28.9,.144
49,Charlotte,.367,-2.49,3.77,1866,2068,69.3,88.3,.306,.228,.487,49.1,48.5,8.9,7.2,.444,20.5,29.9,.227
50,Chattanooga NCAA,.625,-2.36,-6.23,1908,1751,64.2,91.8,.300,.342,.510,51.6,51.8,8.9,6.4,.469,19.4,24.0,.228
51,Chicago State,.214,-31.49,-7.49,1695,2240,78.7,76.9,.278,.247,.436,45.9,50.4,8.6,5.1,.399,22.4,26.1,.189
52,Cincinnati,.300,-0.93,3.24,1794,1919,69.3,85.3,.311,.251,.450,50.3,55.3,11.0,11.8,.410,21.0,36.2,.214
53,Clemson,.531,16.15,12.61,2137,2024,71.7,92.4,.240,.335,.497,49.9,56.8,13.0,9.7,.471,20.3,32.7,.165
54,Cleveland State NCAA,.882,10.97,-6.09,2533,1953,72.0,102.7,.399,.303,.524,54.9,51.1,12.5,10.7,.481,17.4,36.6,.286
55,Coastal Carolina,.467,-5.20,-2.80,2100,2042,73.3,95.5,.350,.359,.518,50.0,57.7,11.7,5.1,.472,20.5,33.0,.263
56,Colgate,.533,-8.16,-10.16,1753,1638,64.8,88.7,.228,.227,.461,49.5,55.2,10.2,6.0,.427,16.9,28.4,.168
57,College of Charleston,.379,-12.02,-6.39,1913,1960,71.9,90.9,.267,.340,.446,47.1,40.8,12.1,5.7,.412,15.8,34.1,.181
58,Colorado NCAA,.742,24.00,13.80,2133,1817,68.7,98.6,.296,.281,.514,53.3,58.6,14.0,6.8,.484,18.4,34.4,.204
59,Colorado State,.645,8.84,1.42,2238,1965,68.6,103.5,.235,.364,.546,45.6,52.7,9.0,11.3,.513,11.6,15.7,.186
60,Columbia,.821,17.29,0.44,2210,1738,73.5,106.0,.324,.395,.534,55.9,66.2,11.9,9.1,.511,17.7,38.9,.212
61,Connecticut NCAA,.853,34.64,17.52,2575,1993,71.4,106.1,.289,.285,.573,57.1,64.9,9.4,10.7,.543,19.8,35.8,.218
62,Coppin State,.276,-14.70,-10.03,1606,1738,70.0,78.1,.311,.405,.420,50.3,49.5,9.6,6.6,.380,20.8,30.0,.203
63,Cornell,.370,-8.43,-1.93,1582,1707,70.8,82.0,.273,.282,.442,51.2,59.7,13.1,3.7,.404,21.4,33.7,.189
64,Creighton NCAA,.733,24.10,14.17,2134,1836,66.9,105.9,.199,.435,.550,51.5,64.9,9.6,6.9,.528,15.4,27.3,.148
65,Dartmouth,.071,-14.44,1.16,1504,1941,69.7,77.1,.238,.362,.434,46.7,50.8,10.6,4.4,.404,23.0,28.8,.157
66,Davidson,.467,-0.43,0.83,1870,1908,65.7,94.5,.223,.352,.511,49.2,48.7,9.2,7.8,.484,19.7,30.2,.163
67,Dayton,.250,-4.05,2.36,1826,1963,70.6,91.2,.245,.291,.488,52.9,51.9,7.6,5.4,.456,21.4,37.0,.177
68,Delaware,.533,-3.80,-5.06,1979,1941,73.6,89.3,.294,.317,.496,51.9,54.3,10.7,8.6,.461,22.2,33.2,.210
69,Delaware State,.269,-22.20,-8.53,1271,1529,66.3,73.8,.299,.289,.419,47.2,47.2,10.3,3.5,.382,23.9,29.5,.194
70,Denver,.400,-9.81,-4.16,1968,2102,69.5,94.0,.340,.484,.498,50.1,57.2,7.2,10.8,.463,18.6,29.8,.231
71,DePaul,.485,15.91,11.57,2528,2385,74.5,102.5,.246,.353,.501,52.6,57.8,11.9,7.1,.473,15.5,37.3,.173
72,Detroit Mercy,.167,-19.21,-2.49,1683,2161,71.6,78.0,.274,.265,.443,51.9,48.0,6.9,6.8,.407,23.8,31.1,.187
73,Drake NCAA,.710,16.36,2.74,2452,2030,74.9,104.8,.328,.393,.575,56.9,72.8,10.6,13.2,.546,20.2,33.1,.237
74,Drexel,.700,0.69,-7.28,2015,1776,65.2,102.2,.253,.264,.529,49.2,66.7,12.0,6.3,.497,15.9,30.9,.191
75,Duke NCAA,.806,28.22,15.86,1957,1574,68.0,92.8,.261,.261,.487,54.5,57.4,12.7,14.1,.455,19.0,34.7,.185
76,Duquesne,.613,1.44,-1.66,2119,1979,70.5,96.9,.274,.405,.504,51.1,58.2,8.2,11.2,.479,16.6,29.2,.181
77,East Carolina NCAA,.719,9.09,1.74,2027,1792,71.7,86.7,.361,.241,.443,49.2,58.4,18.0,11.9,.406,19.0,36.5,.226
78,East Tennessee State,.719,-4.32,-8.28,2023,1788,64.7,97.0,.240,.338,.478,53.6,43.5,11.1,9.1,.446,16.6,38.3,.173
79,Eastern Illinois,.724,-4.71,-11.39,1974,1776,70.5,96.2,.289,.294,.510,52.7,58.9,10.5,7.3,.475,18.7,32.5,.210
80,Eastern Kentucky,.563,-4.65,-7.13,2444,2225,76.1,100.3,.280,.367,.521,48.0,58.9,12.0,6.9,.483,16.8,30.0,.214
81,Eastern Michigan,.500,-6.01,-3.49,1910,1968,71.4,88.5,.279,.323,.489,51.9,50.6,10.7,11.2,.457,21.0,29.6,.194
82,Eastern Washington,.633,2.43,-0.96,2086,1906,71.2,97.2,.255,.332,.503,48.9,57.4,12.5,6.6,.468,15.1,27.2,.191
83,Elon,.300,-10.71,-5.04,1742,1912,68.5,84.4,.248,.267,.468,51.0,48.6,10.7,6.9,.440,23.1,33.6,.167
84,Evansville,.367,-11.31,-0.91,1884,2196,72.2,86.6,.419,.317,.477,47.6,55.8,7.8,6.6,.423,20.4,28.0,.298
85,Fairfield,.500,-9.11,-8.91,1797,1803,69.8,83.4,.267,.329,.455,50.0,58.1,11.8,3.0,.429,22.0,31.5,.168
86,Fairleigh Dickinson,.774,-0.90,-13.67,2030,1634,66.3,98.8,.262,.368,.512,52.8,59.6,10.0,3.9,.483,18.1,34.0,.187
87,Florida,.533,10.69,10.52,2072,2067,74.3,92.1,.341,.307,.485,49.5,52.7,10.5,7.5,.442,18.9,33.0,.244
88,Florida A&M,.207,-19.30,-6.80,1712,2060,73.7,79.0,.279,.283,.447,47.0,52.7,13.4,8.1,.418,23.6,31.9,.175
89,Florida Atlantic,.400,-4.58,0.78,1945,2008,72.2,89.4,.357,.296,.485,52.5,45.9,11.6,5.8,.442,21.1,34.0,.249
90,Florida Gulf Coast NCAA,.914,17.48,-2.76,2732,1954,69.6,111.8,.228,.530,.594,50.2,63.3,13.1,5.9,.577,15.9,25.2,.162
91,Florida International,.400,-3.58,0.83,2071,2141,75.1,91.9,.330,.326,.492,52.4,49.9,12.3,5.6,.448,22.1,38.1,.242
92,Florida State NCAA,.719,25.86,12.74,2563,2143,77.2,103.0,.333,.322,.521,51.5,49.7,10.3,12.0,.481,15.0,31.7,.245
93,Fordham,.600,7.13,0.65,2169,1950,74.8,95.8,.163,.350,.502,50.3,55.9,12.0,6.2,.478,16.1,28.1,.126
94,Fresno State,.313,-4.11,0.39,1885,1960,65.0,89.5,.312,.325,.483,49.9,43.0,10.4,6.2,.438,19.6,29.1,.233
95,Furman,.367,-15.12,-7.86,1898,1916,69.1,90.4,.319,.309,.463,55.2,55.3,9.2,5.2,.417,21.1,42.8,.231
96,Gardner-Webb NCAA,.906,-1.15,-12.33,2480,2082,74.0,104.3,.326,.351,.532,50.8,43.6,13.1,8.2,.500,17.1,36.4,.227
97,George Mason,.500,-1.18,0.15,1817,1866,69.1,87.4,.338,.307,.448,52.2,49.1,9.5,9.2,.413,18.9,35.0,.213
98,George Washington,.581,-0.39,-0.96,1997,1932,68.0,94.8,.215,.399,.474,51.9,47.4,10.1,6.2,.448,16.7,35.4,.149
99,Georgetown,.452,6.61,10.74,1833,1926,69.5,85.1,.246,.281,.449,49.0,51.4,12.4,11.5,.424,18.2,29.3,.155
100,Georgia NCAA,.656,21.79,13.07,2148,1869,70.1,95.4,.315,.196,.502,52.8,58.7,14.8,9.5,.466,19.7,37.7,.221
101,Georgia Southern,.714,-3.57,-8.21,2252,1955,78.2,101.5,.332,.301,.514,54.6,53.7,12.2,6.7,.484,18.0,38.7,.223
102,Georgia State,.364,-7.99,-3.80,2024,2025,68.5,89.2,.349,.236,.485,52.0,52.5,9.8,8.9,.440,20.9,32.8,.250
103,Georgia Tech,.433,12.96,14.46,1828,1873,68.6,88.1,.278,.264,.458,49.5,54.4,10.0,5.5,.415,18.5,33.2,.208
104,Gonzaga NCAA,.875,18.16,5.34,2316,1906,67.2,107.3,.261,.332,.556,54.7,55.7,11.7,8.1,.521,18.1,37.6,.207
105,Grambling,.310,-12.57,-6.14,1620,1819,68.6,81.0,.277,.286,.433,46.8,39.4,11.9,5.5,.397,19.6,29.3,.186
106,Grand Canyon,.677,1.73,-3.96,2220,1941,72.8,96.8,.316,.313,.509,51.8,50.1,17.1,6.0,.480,19.4,34.7,.212
107,Green Bay,.844,9.73,-4.21,2175,1729,66.6,102.1,.222,.360,.517,53.7,60.5,9.2,8.2,.484,15.0,31.0,.174
108,Hampton,.400,-10.12,-4.05,1855,1947,72.7,84.4,.320,.233,.449,42.5,52.6,16.2,6.7,.406,18.5,27.8,.224
109,Hartford,.071,-40.88,-13.53,1317,1965,71.0,66.2,.209,.387,.365,40.3,50.6,9.5,6.2,.334,20.0,23.2,.134
110,Harvard,.607,9.91,3.20,1951,1763,69.8,99.0,.235,.341,.525,49.9,52.5,12.0,7.6,.500,18.5,31.9,.167
111,Hawaii NCAA,.563,1.58,0.58,1939,1907,65.6,90.6,.309,.415,.496,50.8,56.0,10.5,6.6,.459,19.9,28.4,.219
112,High Point,.548,-8.96,-11.40,2022,1888,69.2,93.9,.257,.437,.528,46.2,62.8,10.8,7.0,.505,18.8,21.7,.176
113,Hofstra,.375,-13.72,-7.95,1861,2016,69.3,83.3,.256,.315,.474,50.7,57.1,10.0,5.3,.440,24.2,32.2,.182
114,Holy Cross NCAA,.750,-3.20,-9.94,1977,1752,65.6,93.4,.264,.285,.504,52.2,58.8,9.6,8.1,.468,19.3,30.4,.197
115,Houston,.484,13.02,7.73,2008,1844,73.5,85.4,.261,.284,.441,47.2,48.3,17.8,10.4,.406,18.9,33.4,.179
116,Houston Christian,.379,-15.33,-5.10,1701,1829,68.7,85.4,.286,.343,.469,47.6,57.7,10.3,10.7,.430,20.3,27.5,.205
117,Howard,.533,-11.43,-9.91,1797,1849,71.9,83.3,.318,.343,.442,47.0,57.8,10.5,9.6,.403,18.7,29.5,.212
118,Idaho,.433,-3.50,-1.13,2087,2158,72.3,95.4,.272,.463,.523,44.1,57.2,7.1,5.2,.489,15.4,15.0,.204
119,Idaho State,.367,-4.72,-0.47,1674,1749,66.7,83.4,.246,.285,.442,52.9,56.7,10.7,8.1,.412,20.5,34.4,.161
120,Illinois NCAA,.710,20.36,9.49,2354,2017,70.4,107.9,.225,.305,.545,53.9,49.4,8.7,8.0,.518,15.7,35.4,.171
121,Illinois State,.750,8.26,1.64,2218,1998,67.9,101.6,.311,.353,.523,48.7,51.4,8.5,12.3,.486,15.6,29.0,.229
122,Illinois-Chicago,.545,-2.13,-1.28,1899,1927,63.8,89.6,.402,.302,.477,51.7,64.7,10.1,7.0,.436,19.9,33.7,.265
123,Incarnate Word,.517,-11.65,-7.73,1700,1691,65.1,90.0,.289,.383,.488,46.5,54.7,12.8,5.0,.456,18.8,27.3,.199
124,Indiana NCAA,.900,34.53,15.36,2444,1869,72.5,111.9,.313,.328,.591,53.3,61.2,11.2,11.7,.559,15.8,28.5,.239
125,Indiana State,.367,-5.11,-2.14,1934,2023,71.3,90.4,.300,.313,.488,50.5,53.9,10.9,7.7,.453,19.7,30.3,.210
126,Iona NCAA,.813,-2.16,-11.16,2030,1742,68.0,93.2,.186,.370,.562,48.9,62.3,11.8,8.5,.548,24.9,25.2,.128
127,Iowa NCAA,.813,33.04,16.86,2801,2283,76.5,113.5,.328,.386,.610,54.3,66.7,9.5,6.3,.581,16.6,27.3,.250
128,Iowa State NCAA,.710,28.20,16.81,2341,1988,72.1,104.0,.295,.436,.540,54.6,56.9,8.4,10.3,.498,16.3,30.4,.236
129,IUPUI,.567,-2.64,-2.57,2149,2151,71.8,99.8,.301,.418,.538,49.5,59.4,7.7,6.6,.506,18.1,26.7,.219
130,Jackson State,.700,4.48,-5.42,2066,1769,71.9,95.8,.411,.241,.494,55.6,50.1,9.4,12.0,.455,18.1,37.9,.272
131,Jacksonville,.393,-6.96,-2.20,1751,1771,67.4,92.4,.243,.324,.494,49.1,45.1,11.9,5.2,.464,18.0,29.9,.174
132,Jacksonville State,.533,-4.37,-5.59,1876,1738,67.9,91.0,.292,.346,.460,50.9,42.8,9.7,4.7,.423,15.4,29.3,.201
133,James Madison NCAA,.788,3.65,-4.82,2299,1987,70.0,99.1,.331,.354,.504,55.3,49.9,8.4,7.2,.464,16.8,34.4,.239
134,Kansas,.633,21.79,12.82,2182,1913,72.3,99.3,.299,.291,.520,54.7,49.9,10.5,12.4,.482,18.5,34.0,.224
135,Kansas City,.281,-14.73,-3.50,2027,2306,72.2,87.1,.277,.221,.464,51.2,47.3,10.8,11.5,.425,20.5,34.3,.201
136,Kansas State,.515,15.54,13.82,2315,2258,74.0,94.5,.354,.431,.514,47.8,61.0,12.6,9.7,.465,17.9,25.0,.271
137,Kennesaw State,.484,-6.79,-3.89,2098,2083,71.6,94.1,.330,.258,.478,50.6,47.9,10.4,9.0,.439,16.8,33.5,.227
138,Kent State,.677,5.69,0.65,2198,1919,68.9,102.1,.271,.400,.525,50.1,50.1,9.7,9.4,.489,16.0,28.5,.207
139,Kentucky,.345,12.41,13.47,1956,2033,75.2,89.7,.280,.273,.481,47.0,55.0,12.7,9.9,.443,19.8,32.1,.206
140,La Salle,.548,-0.60,-1.70,1976,1956,72.0,88.2,.258,.444,.475,47.8,62.3,12.7,8.5,.439,20.3,30.7,.189
141,Lafayette,.345,-18.24,-9.45,1578,1833,67.2,81.0,.208,.305,.443,45.1,49.7,9.6,7.3,.414,19.1,24.0,.147
142,Lamar,.625,-5.19,-8.19,2062,1930,66.3,96.0,.260,.316,.515,54.2,55.2,9.0,5.7,.484,21.0,36.4,.190
143,Lehigh,.548,-4.56,-8.22,2187,2034,71.8,97.4,.249,.463,.533,48.7,63.5,8.6,6.5,.496,18.0,23.4,.201
144,Liberty,.750,3.26,-2.81,2230,1993,66.7,103.2,.258,.336,.537,54.9,59.5,8.5,13.0,.512,18.5,36.7,.180
145,Lindenwood,.077,-24.19,-6.79,1462,1837,69.2,81.2,.257,.417,.494,45.7,60.5,9.5,4.4,.468,26.5,25.6,.173
146,Lipscomb,.625,-4.25,-4.14,2221,2122,69.9,97.0,.303,.373,.522,52.5,50.6,7.9,7.9,.495,19.1,29.4,.203
147,Little Rock,.677,-4.45,-6.41,1642,1581,65.1,81.0,.333,.082,.431,48.5,62.2,11.5,7.4,.389,18.9,29.2,.221
148,Long Beach State,.719,3.28,-0.88,1993,1819,66.9,93.1,.218,.340,.513,45.7,55.9,17.1,9.2,.482,18.5,25.7,.169
149,Long Island University,.241,-21.91,-11.39,1643,1948,71.5,79.3,.244,.379,.458,43.7,60.4,12.9,8.3,.424,23.4,26.1,.172
150,Longwood,.300,-22.38,-8.92,1798,2202,74.7,79.9,.320,.249,.443,43.6,42.9,11.7,4.1,.395,20.2,24.1,.232
151,Louisiana,.516,-4.10,-1.38,1796,1793,68.0,83.9,.346,.261,.442,49.7,40.6,12.7,6.3,.406,19.7,32.9,.219
152,Louisiana State NCAA,.933,34.82,8.46,2523,1732,73.7,113.6,.379,.230,.547,60.7,49.6,12.7,13.0,.513,15.8,46.1,.265
153,Louisiana Tech,.613,3.12,0.09,2035,1888,67.7,95.8,.344,.278,.531,49.8,55.2,8.0,7.3,.486,19.3,26.5,.265
154,Louisiana-Monroe,.233,-18.46,-5.57,1948,2160,75.5,85.7,.341,.153,.449,50.9,54.3,9.5,10.9,.409,19.3,33.6,.224
155,Louisville NCAA,.676,24.72,15.19,2474,2150,71.1,101.6,.276,.263,.528,53.5,55.4,11.7,9.4,.493,18.1,35.7,.208
156,Loyola (IL),.200,-8.46,0.51,1674,1943,66.6,83.7,.253,.329,.453,44.5,56.1,10.9,4.8,.413,19.1,25.5,.188
157,Loyola (MD),.323,-16.37,-9.75,1719,1924,64.9,84.4,.274,.268,.462,52.8,53.4,9.7,3.3,.425,22.0,32.9,.194
158,Loyola Marymount,.233,-8.71,5.30,1686,2081,67.6,82.8,.257,.305,.463,46.3,51.3,10.8,5.5,.424,21.7,28.3,.192
159,Maine,.533,-6.04,-5.51,1792,1808,64.4,92.4,.190,.366,.503,50.7,57.5,9.2,6.8,.479,20.1,30.1,.138
160,Manhattan,.485,-9.87,-10.69,1974,1947,70.9,84.1,.283,.242,.434,54.6,53.1,13.2,10.9,.392,20.7,39.6,.200
161,Marist,.400,-13.02,-8.55,1729,1863,69.0,83.2,.332,.290,.452,46.6,58.4,11.0,9.5,.401,19.1,26.6,.244
162,Marquette NCAA,.677,19.63,12.57,2015,1796,68.7,94.2,.202,.262,.482,52.9,65.9,11.4,6.8,.449,16.9,33.5,.157
163,Marshall,.548,-2.70,-3.64,1975,1854,67.5,94.0,.247,.405,.487,47.9,54.1,10.4,9.6,.464,16.6,27.8,.162
164,Maryland NCAA,.806,27.94,17.84,2449,2136,75.5,104.6,.285,.294,.534,49.3,58.4,13.7,8.4,.494,15.3,31.6,.225
165,Maryland-Baltimore County,.483,-13.68,-10.93,1842,1917,69.8,90.6,.246,.249,.484,50.0,44.1,10.4,7.3,.453,19.6,32.8,.174
166,Maryland-Eastern Shore,.333,-16.50,-9.65,1830,1903,72.8,83.8,.355,.266,.451,50.4,47.3,12.0,5.9,.405,21.5,34.9,.244
167,Massachusetts,.813,13.75,0.75,2432,2016,72.2,104.5,.235,.294,.520,53.4,62.1,11.7,7.5,.492,15.8,35.7,.172
168,Massachusetts-Lowell,.185,-17.31,-6.20,1438,1738,67.2,78.8,.300,.320,.446,46.6,51.4,10.3,8.6,.398,23.2,29.3,.223
169,McNeese State,.387,-16.08,-7.25,2032,2169,74.9,86.5,.377,.287,.490,50.1,60.1,12.5,7.5,.450,23.5,31.8,.255
170,Memphis,.667,13.22,6.89,2007,1817,70.3,94.4,.344,.270,.459,55.0,42.2,11.0,8.5,.423,16.6,40.3,.223
171,Mercer,.429,-3.51,-1.82,1813,1827,68.1,94.2,.232,.217,.509,48.6,41.9,8.0,8.2,.473,18.7,28.4,.184
172,Merrimack,.484,-19.02,-12.72,1905,2045,69.1,88.9,.256,.362,.468,49.2,50.6,10.1,8.0,.436,19.8,33.8,.179
173,Miami (FL) NCAA,.613,19.72,12.82,2193,1979,71.2,98.6,.289,.290,.513,54.1,56.6,12.3,6.0,.479,18.8,36.3,.209
174,Miami (OH),.387,-6.64,-1.08,2185,2303,71.9,97.2,.325,.322,.528,51.0,53.3,8.9,6.0,.485,19.3,29.2,.249
175,Michigan NCAA,.710,24.58,13.42,2313,1967,72.2,103.3,.326,.306,.559,53.9,58.7,10.4,6.8,.520,19.6,33.1,.252
176,Michigan State,.533,22.08,10.98,2347,2014,75.2,102.3,.325,.380,.517,51.7,62.4,14.2,9.5,.488,16.0,33.1,.219
177,Middle Tennessee NCAA,.875,19.88,2.66,2364,1813,68.2,107.9,.355,.433,.549,52.7,52.4,12.1,10.9,.502,15.3,31.9,.279
178,Milwaukee,.367,-4.64,-2.54,1763,1826,66.4,88.2,.226,.343,.490,52.1,67.3,7.8,9.1,.460,21.6,30.2,.165
179,Minnesota,.367,8.59,10.79,2142,2208,76.4,92.2,.271,.284,.489,52.5,57.8,9.1,6.8,.453,19.6,32.8,.199
180,Mississippi NCAA,.742,23.27,10.78,2147,1760,69.8,98.0,.300,.264,.492,55.1,49.2,10.6,12.5,.462,17.2,37.8,.202
181,Mississippi State NCAA,.667,21.76,9.32,2146,1773,71.4,98.9,.305,.276,.524,53.0,59.1,12.6,12.7,.499,19.2,33.6,.202
182,Mississippi Valley State,.069,-30.88,-7.95,1603,2268,74.4,73.9,.286,.302,.420,43.3,54.3,8.7,6.9,.392,23.0,26.4,.172
183,Missouri,.567,16.32,13.25,1959,1867,67.6,96.6,.256,.388,.535,49.7,57.4,10.7,7.1,.505,20.2,27.7,.188
184,Missouri State,.645,5.21,2.76,2115,2039,71.2,95.0,.309,.226,.471,56.0,57.2,11.3,7.0,.440,17.7,40.2,.200
185,Monmouth NCAA,.545,-6.50,-7.22,2116,2084,68.2,93.6,.267,.416,.509,52.9,57.6,8.9,8.4,.480,21.8,34.3,.186
186,Montana,.467,0.16,0.94,2108,2071,69.9,98.9,.265,.385,.523,51.0,54.1,7.7,8.0,.486,16.8,26.8,.204
187,Montana State,.645,3.22,0.35,2128,1995,71.2,96.0,.302,.291,.497,50.0,49.8,12.5,7.9,.450,16.6,30.3,.237
188,Morehead State,.355,-18.99,-7.99,1806,2044,70.7,82.4,.253,.392,.450,47.1,54.3,12.8,6.6,.426,21.6,31.0,.156
189,Morgan State,.607,-11.36,-10.64,1681,1600,68.5,87.6,.277,.284,.443,50.3,49.4,15.7,4.8,.404,18.7,36.5,.194
190,Mount St. Mary's,.387,-15.28,-8.55,1782,1957,68.9,82.8,.223,.450,.461,43.9,53.9,11.2,6.8,.430,20.6,24.4,.160
191,Murray State,.484,1.58,-0.02,2136,2043,68.0,100.5,.280,.368,.535,52.9,63.9,8.3,4.5,.496,17.9,30.7,.221
192,Navy,.033,-25.73,-8.96,1585,2088,69.1,76.4,.170,.332,.425,49.3,51.9,6.2,6.6,.407,22.0,27.7,.103
193,NC State NCAA,.645,25.56,17.01,2203,1938,71.6,98.8,.264,.289,.510,52.5,49.9,9.6,10.7,.480,15.8,29.7,.189
194,Nebraska,.533,20.94,15.04,2145,1968,72.0,97.2,.283,.410,.512,53.6,62.9,9.6,8.4,.480,18.5,32.1,.202
195,Nevada,.323,-3.70,1.90,2005,2123,69.9,91.8,.318,.280,.484,50.5,47.1,11.5,6.3,.442,18.6,31.9,.231
196,Nevada-Las Vegas NCAA,.939,15.79,0.66,2546,2059,70.5,109.0,.299,.316,.552,55.4,55.1,9.3,6.1,.516,15.2,33.8,.228
197,New Hampshire,.250,-20.82,-9.11,1500,1757,66.5,80.2,.285,.309,.434,47.1,47.5,9.7,7.4,.390,20.6,28.3,.206
198,New Mexico,.625,6.70,0.86,2386,2169,73.0,101.3,.253,.412,.543,48.7,55.8,11.3,8.2,.510,17.2,25.7,.197
199,New Mexico State,.500,-1.16,-0.56,2004,1933,68.6,90.3,.253,.228,.467,51.3,50.2,13.0,6.3,.439,17.5,33.2,.167
200,New Orleans,.286,-16.55,-10.80,1721,1882,71.7,84.2,.301,.301,.451,49.4,56.3,12.6,7.5,.411,22.6,36.5,.209
201,Niagara,.621,-8.91,-10.54,1949,1862,77.3,85.8,.285,.259,.436,50.8,47.7,19.5,8.1,.399,19.5,40.1,.192
202,Nicholls State,.172,-24.96,-10.32,1685,2086,71.1,81.4,.274,.294,.457,45.3,57.1,9.5,4.8,.423,21.5,25.8,.186
203,NJIT,.448,-16.17,-12.86,1755,1851,66.9,89.2,.291,.302,.482,49.8,48.5,8.7,8.1,.452,20.8,32.0,.193
204,Norfolk State NCAA,.806,-3.87,-13.13,1924,1546,70.7,87.4,.328,.281,.460,52.3,49.9,17.2,12.6,.424,20.3,36.6,.216
205,North Alabama,.500,-4.98,-3.61,1989,1940,70.5,93.7,.200,.464,.502,45.4,60.7,9.3,11.4,.476,17.5,24.9,.146
206,North Carolina NCAA,.677,25.03,15.32,2145,1844,72.5,95.1,.285,.319,.494,50.6,50.3,13.0,10.9,.465,17.1,30.8,.191
207,North Carolina A&T,.600,-6.81,-5.62,2043,1881,72.1,93.3,.307,.272,.506,52.6,57.7,12.7,8.6,.472,22.6,39.0,.216
208,North Carolina Central,.484,-17.07,-10.71,2069,2124,77.9,85.3,.340,.276,.468,47.9,53.7,12.4,8.4,.435,21.9,32.6,.219
209,North Dakota,.621,-2.34,-5.34,2156,2007,76.4,97.3,.303,.289,.504,50.1,48.7,12.5,6.2,.461,16.9,31.5,.230
210,North Dakota State,.621,-2.34,-3.80,2087,1995,73.0,98.1,.321,.328,.511,52.5,54.1,10.7,9.2,.478,18.4,34.8,.222
211,North Florida,.259,-19.72,-3.16,1611,1922,72.8,81.9,.228,.375,.456,49.0,52.0,10.4,7.1,.437,22.4,28.8,.138
212,North Texas,.355,-2.37,3.13,1941,2093,68.9,90.6,.291,.282,.491,46.9,51.3,12.0,8.3,.463,20.2,31.0,.192
213,Northeastern,.613,-1.12,-4.64,2044,1935,71.4,92.0,.247,.292,.515,52.8,51.9,12.4,7.8,.489,23.0,35.0,.173
214,Northern Arizona,.618,3.25,1.46,2551,2425,75.0,97.5,.262,.376,.501,51.2,54.2,10.1,6.3,.469,16.8,31.8,.188
215,Northern Colorado,.419,-6.35,-2.24,1883,1955,65.5,91.3,.336,.366,.508,51.0,57.1,10.8,6.9,.457,21.4,28.9,.265
216,Northern Illinois,.533,-2.63,-2.69,2120,2118,69.6,100.3,.250,.388,.511,52.4,52.0,10.2,3.0,.480,16.8,33.4,.184
217,Northern Iowa,.710,14.18,4.21,2316,2009,71.5,104.5,.303,.397,.537,50.7,50.5,10.3,10.2,.510,15.1,27.9,.208
218,Northern Kentucky,.548,0.33,-3.35,2115,2001,69.2,96.2,.372,.311,.495,50.5,55.5,8.8,7.5,.451,15.3,28.4,.264
219,Northwestern,.276,6.31,13.67,1835,2094,74.9,84.4,.301,.295,.458,47.0,65.3,12.3,11.1,.420,20.0,28.4,.208
220,Northwestern State,.379,-18.62,-6.89,1748,1965,72.5,82.8,.271,.356,.448,46.8,51.2,9.9,4.5,.411,20.3,28.5,.189
221,Notre Dame NCAA,.833,30.68,14.68,2244,1764,71.8,103.7,.351,.243,.534,56.6,60.1,11.9,10.7,.498,18.2,38.3,.250
222,Oakland,.433,-10.92,-3.06,1965,2151,73.0,89.4,.295,.357,.442,50.7,47.6,11.4,5.9,.407,16.1,34.7,.195
223,Ohio,.207,-11.40,-0.74,1820,2129,71.9,86.9,.273,.460,.496,43.9,54.7,11.3,7.0,.458,21.2,22.6,.205
224,Ohio State NCAA,.781,27.21,14.71,2584,2184,76.3,105.4,.297,.340,.548,48.7,58.3,14.9,8.8,.522,15.8,28.9,.207
225,Oklahoma NCAA,.806,21.99,13.12,2619,2344,79.0,106.0,.272,.373,.550,55.7,68.1,9.8,8.3,.520,18.0,35.5,.203
226,Oklahoma State NCAA,.656,20.88,13.54,2424,2189,72.2,103.7,.274,.364,.545,50.7,53.0,9.1,7.0,.520,16.1,27.5,.193
227,Old Dominion,.647,-1.07,-4.28,2246,2123,72.6,90.3,.293,.301,.466,51.4,53.3,13.2,6.6,.438,18.3,33.8,.185
228,Omaha,.469,-9.52,-1.99,2115,2260,71.9,90.5,.312,.338,.503,47.5,51.8,10.4,3.3,.455,19.0,23.2,.245
229,Oral Roberts,.387,-5.48,0.95,2420,2553,81.4,95.5,.282,.352,.514,47.1,46.0,11.8,9.2,.478,17.8,26.3,.208
230,Oregon,.548,26.27,16.40,2289,1983,70.4,104.5,.264,.330,.515,53.0,57.1,9.6,8.6,.484,14.5,34.8,.191
231,Oregon State,.419,17.90,15.71,2076,2008,70.2,94.7,.277,.331,.507,52.6,61.7,7.3,8.4,.471,18.2,29.1,.206
232,Pacific,.469,3.01,4.72,2212,2201,75.1,91.7,.273,.265,.486,52.0,50.2,11.5,6.1,.446,19.4,33.0,.204
233,Penn State,.452,11.28,12.57,2195,2235,74.1,93.7,.274,.301,.505,47.9,57.1,14.9,7.0,.476,19.4,30.0,.191
234,Pennsylvania,.607,3.77,0.66,1786,1645,67.5,94.1,.223,.384,.494,49.7,59.5,10.4,8.4,.472,19.0,32.0,.149
235,Pepperdine,.367,-0.22,2.40,1914,1971,69.8,90.6,.312,.244,.479,54.1,53.1,8.9,8.6,.441,21.0,37.5,.218
236,Pittsburgh,.333,8.18,13.75,1892,2059,70.1,88.8,.242,.320,.472,47.4,53.7,11.4,10.4,.440,19.2,30.5,.171
237,Portland NCAA,.742,11.19,6.22,2155,1923,69.3,100.0,.306,.337,.546,50.0,66.7,13.6,6.6,.515,20.2,32.5,.221
238,Portland State,.484,-5.64,-1.20,1879,1943,65.2,92.3,.229,.382,.489,46.3,55.3,12.2,4.1,.458,17.8,27.5,.168
239,Prairie View,.500,-13.84,-7.10,1981,2047,77.1,84.6,.380,.388,.463,46.8,54.5,12.4,5.7,.422,20.0,28.6,.248
240,Presbyterian,.433,-18.06,-13.09,1947,1944,72.1,89.7,.193,.385,.517,52.1,57.4,8.5,5.4,.501,24.0,29.8,.128
241,Princeton NCAA,.821,16.03,2.93,1836,1469,66.6,98.1,.269,.273,.496,54.0,56.6,13.2,9.9,.464,16.5,35.9,.189
242,Providence,.406,4.32,6.60,1942,2015,68.9,88.1,.268,.243,.470,51.0,47.7,8.9,9.4,.441,18.3,27.2,.177
243,Purdue NCAA,.655,19.82,14.31,2050,1890,71.3,98.7,.264,.379,.544,50.5,61.5,10.9,9.0,.510,19.1,27.6,.204
244,Purdue-Fort Wayne,.424,-8.20,-3.67,2067,2167,70.6,88.8,.246,.443,.489,44.8,46.2,13.1,8.0,.456,18.9,24.6,.181
245,Queens (NC),.276,-21.48,-6.86,1712,1989,72.5,81.4,.308,.288,.435,45.9,35.8,11.5,6.3,.393,19.2,28.4,.211
246,Quinnipiac,.700,-1.89,-9.39,1845,1620,69.2,88.5,.321,.302,.492,53.4,61.2,11.5,11.7,.456,21.8,33.4,.222
247,Radford,.452,-13.99,-13.44,1972,1925,71.1,88.8,.274,.330,.505,50.7,54.5,11.8,7.7,.473,22.3,27.7,.194
248,Rhode Island,.800,10.33,-1.13,2053,1709,68.9,98.1,.260,.380,.517,55.0,56.1,11.0,10.7,.491,19.7,36.1,.179
249,Rice,.733,7.31,1.64,2169,1999,71.5,100.3,.357,.330,.536,52.0,50.7,10.5,6.6,.498,19.7,34.1,.259
250,Richmond,.667,6.92,-0.52,2069,1846,70.2,97.4,.265,.412,.545,50.4,57.3,9.2,11.3,.516,19.6,24.4,.195
251,Rider,.323,-17.79,-10.21,1848,2083,67.8,86.2,.246,.404,.503,46.2,67.8,9.0,7.9,.470,23.0,24.0,.183
252,Robert Morris,.367,-11.00,-3.96,1733,1835,70.0,82.5,.262,.326,.431,46.1,55.3,12.0,4.8,.393,17.5,26.7,.182
253,Rutgers,.375,2.56,13.12,2021,2359,72.1,87.2,.333,.255,.489,50.0,48.3,10.4,10.5,.439,23.1,32.4,.254
254,Sacramento State NCAA,.781,7.53,-2.07,2216,1909,64.2,107.0,.276,.443,.580,55.6,52.3,8.2,8.8,.554,19.9,33.5,.203
255,Sacred Heart NCAA,.581,-11.07,-14.24,1950,1818,71.2,88.4,.295,.324,.461,50.5,46.0,13.7,8.8,.428,18.7,32.6,.193
256,Saint Francis (PA),.241,-25.58,-11.06,1508,1929,69.2,74.8,.291,.266,.431,52.5,48.2,8.0,5.2,.397,25.6,33.6,.188
257,Saint Joseph's,.667,6.44,0.01,2000,1807,66.5,99.0,.273,.327,.522,50.8,62.4,8.7,8.5,.485,17.0,29.3,.210
258,Saint Louis NCAA,.500,3.28,3.34,2367,2369,74.1,93.3,.266,.301,.483,50.6,54.8,12.8,12.9,.442,19.3,36.2,.206
259,Saint Mary's (CA),.419,-0.12,4.18,1968,2101,70.6,88.9,.247,.355,.494,49.9,59.8,8.8,7.9,.464,21.2,29.5,.175
260,Saint Peter's,.000,-27.82,-9.05,1507,2070,70.6,70.2,.290,.315,.433,44.7,53.0,10.3,4.6,.398,28.0,26.2,.190
261,Sam Houston State,.433,-4.05,-0.27,2039,2059,72.7,92.3,.311,.276,.455,52.2,47.5,11.0,7.4,.419,17.9,39.2,.206
262,Samford,.433,-10.63,-4.71,1967,2028,69.9,93.0,.289,.325,.516,49.0,56.3,10.7,6.3,.490,20.9,28.9,.193
263,San Diego,.567,3.78,4.40,1868,1858,67.1,92.0,.326,.205,.462,52.4,54.8,12.0,8.7,.417,16.9,36.7,.232
264,San Diego State,.697,8.87,2.94,2182,1893,68.8,96.2,.275,.269,.518,49.8,59.3,13.8,8.4,.489,17.8,26.4,.194
265,San Francisco,.613,4.78,3.57,2134,2034,72.7,94.0,.261,.367,.488,49.9,59.6,10.7,5.9,.455,16.7,29.7,.187
266,San Jose State,.194,-8.38,1.49,1791,2097,70.2,82.0,.302,.268,.452,48.8,39.3,13.5,5.8,.415,22.1,32.1,.204
267,Santa Clara,.469,4.58,3.18,2283,2137,69.8,101.0,.243,.387,.525,48.2,55.6,8.9,7.4,.491,15.9,28.7,.189
268,Seattle,.200,-10.77,-0.30,1792,2106,71.4,82.9,.284,.385,.470,48.1,56.7,8.9,7.3,.434,23.8,30.3,.198
269,Seton Hall,.563,13.31,10.75,2299,2217,71.1,100.6,.252,.301,.527,48.7,54.9,11.6,6.9,.491,16.3,29.4,.198
270,Siena,.594,-7.34,-11.47,2174,2042,73.0,92.4,.265,.324,.491,52.9,54.7,12.7,6.8,.460,20.9,36.8,.186
271,South Alabama,.233,-18.59,-6.25,1658,1972,70.2,78.1,.279,.392,.422,46.9,54.6,10.0,4.2,.390,20.5,27.9,.177
272,South Carolina NCAA,1.000,45.24,14.89,2606,1635,69.8,115.7,.343,.214,.536,63.1,54.6,9.5,20.4,.504,14.3,48.6,.239
273,South Carolina State,.100,-30.80,-8.80,1405,2082,68.8,68.1,.305,.338,.400,43.2,51.8,9.9,4.1,.365,25.8,26.8,.186
274,South Carolina Upstate,.355,-24.24,-11.69,1639,1966,71.6,73.8,.309,.304,.452,51.2,53.1,9.3,5.1,.411,27.7,27.3,.215
275,South Dakota,.467,-6.21,-2.49,2094,2071,70.1,99.2,.314,.407,.532,51.2,60.4,9.3,6.4,.489,17.5,28.9,.244
276,South Dakota State NCAA,.848,19.79,0.73,2620,1991,71.7,110.8,.372,.336,.572,57.3,61.2,10.3,10.4,.539,16.2,33.4,.267
277,South Florida NCAA,.813,19.52,7.81,2273,1898,68.1,103.4,.306,.330,.541,57.4,60.6,7.7,8.2,.508,18.9,37.9,.224
278,Southeast Missouri State,.516,-10.60,-7.14,1909,1960,73.1,83.9,.321,.284,.466,47.7,52.4,14.3,8.1,.422,21.8,30.7,.231
279,Southeastern Louisiana NCAA,.700,-2.43,-7.57,1881,1635,67.5,92.1,.279,.244,.476,49.9,48.5,13.5,10.4,.446,16.3,28.4,.187
280,Southern NCAA,.563,-9.92,-4.82,1851,1933,69.3,83.2,.305,.268,.446,46.4,47.9,12.9,5.4,.425,19.0,28.7,.171
281,Southern California NCAA,.700,22.94,13.30,1934,1645,67.4,92.9,.313,.321,.478,51.7,62.4,12.7,13.5,.434,18.5,35.8,.229
282,Southern Illinois,.387,-0.60,0.98,2275,2324,75.4,97.3,.273,.264,.505,48.1,54.9,13.1,12.0,.476,16.8,30.6,.188
283,SIU Edwardsville,.290,-18.01,-4.65,1983,2397,75.5,84.4,.322,.340,.472,47.9,56.5,10.0,5.3,.427,23.1,32.3,.236
284,Southern Indiana,.414,-12.61,-9.15,1884,1851,73.9,87.5,.326,.277,.497,52.5,62.3,11.4,8.6,.448,24.2,33.7,.252
285,Southern Methodist,.571,10.09,5.70,1770,1647,69.5,90.2,.261,.229,.476,53.0,60.6,11.8,9.7,.444,19.5,33.6,.183
286,Southern Mississippi,.677,-3.13,-4.68,2003,1903,69.0,92.5,.314,.218,.491,54.1,51.6,13.3,5.2,.452,21.1,38.4,.224
287,Southern Utah NCAA,.719,2.16,1.33,2210,2110,71.3,95.1,.295,.291,.516,55.4,55.6,6.0,11.3,.477,20.2,33.5,.221
288,St. Bonaventure,.188,-16.98,-1.55,1665,2159,68.4,76.0,.243,.387,.435,43.8,51.0,9.9,9.2,.401,22.5,24.2,.170
289,St. Francis (NY),.367,-19.01,-12.08,1723,1858,67.5,84.8,.293,.336,.463,50.1,53.5,8.8,5.7,.429,21.7,31.2,.197
290,St. John's (NY) NCAA,.733,15.14,9.04,1964,1781,65.1,100.6,.280,.318,.531,51.3,54.0,8.0,10.3,.494,18.4,32.9,.214
291,St. Thomas,.433,-6.44,-5.44,1900,1930,68.8,90.9,.283,.370,.503,50.4,61.6,10.1,6.3,.472,21.1,29.3,.196
292,Stanford NCAA,.848,34.87,17.02,2523,1934,68.6,110.2,.289,.328,.546,58.4,58.4,8.2,17.5,.514,16.0,39.5,.213
293,Stephen F. Austin,.813,12.04,-1.89,2434,1926,71.8,105.1,.382,.342,.558,54.2,62.6,13.5,9.5,.526,19.4,37.9,.267
294,Stetson,.394,-9.21,-4.24,1961,2018,68.9,86.3,.340,.300,.469,49.0,52.9,12.1,4.6,.433,20.2,29.1,.222
295,Stonehill,.310,-20.19,-13.94,1739,1903,66.6,89.6,.255,.360,.480,50.4,64.9,6.1,6.2,.446,19.5,30.0,.186
296,Stony Brook,.581,-3.31,-5.40,2104,2039,70.6,96.1,.258,.344,.492,50.2,46.9,10.6,6.2,.458,17.3,33.8,.189
297,Syracuse,.600,16.43,10.80,2211,2042,74.9,98.4,.268,.284,.498,51.5,51.0,13.6,8.8,.463,17.1,35.6,.195
298,Tarleton State,.276,-9.58,-1.99,1825,1953,71.2,86.5,.346,.375,.477,45.5,56.3,11.3,6.2,.432,19.8,26.2,.246
299,TCU,.258,5.38,13.61,1861,2116,72.4,82.9,.357,.342,.461,45.7,59.1,11.7,8.3,.425,20.4,25.0,.227
300,Temple,.379,4.16,7.12,1831,1917,71.4,88.1,.260,.319,.462,47.5,56.6,10.4,9.9,.424,18.6,31.0,.190
301,Tennessee NCAA,.676,27.60,17.92,2599,2270,73.2,103.7,.324,.266,.523,56.5,56.1,9.2,8.2,.488,17.5,40.2,.232
302,Tennessee State,.379,-16.98,-8.25,1920,2069,74.9,88.0,.356,.236,.480,47.6,42.0,13.4,7.8,.442,21.5,32.6,.238
303,Tennessee Tech NCAA,.710,-3.88,-9.29,2142,1935,68.5,100.8,.297,.337,.526,50.7,63.1,11.7,6.7,.487,17.3,33.2,.225
304,Tennessee-Martin,.448,-7.14,-7.07,1872,1859,69.8,92.1,.296,.371,.516,47.2,54.4,14.0,8.8,.473,21.3,26.9,.232
305,Texas NCAA,.735,30.05,14.22,2493,1955,71.5,102.6,.303,.194,.509,55.2,55.9,12.8,15.8,.479,17.5,41.0,.205
306,Texas A&M,.310,8.15,15.15,1651,1854,68.9,82.6,.282,.304,.461,48.7,56.4,9.7,8.3,.432,22.7,30.4,.182
307,Texas A&M-Commerce,.424,-10.45,-5.45,2164,2279,73.2,89.2,.387,.246,.474,51.3,52.3,11.4,7.6,.431,19.6,33.7,.261
308,Texas A&M-Corpus Christi,.633,-4.08,-7.48,1871,1673,67.9,91.5,.351,.320,.490,53.0,67.0,12.9,7.0,.449,20.4,33.7,.246
309,Texas Southern,.071,-20.99,-4.65,1693,2161,76.6,78.2,.354,.365,.438,46.5,49.0,10.1,6.9,.392,22.7,30.3,.239
310,Texas State,.719,-1.11,-5.49,2147,1863,68.9,96.6,.316,.309,.517,49.0,60.9,12.1,7.3,.478,18.0,28.6,.233
311,Texas Tech,.563,11.88,10.16,2219,2164,71.0,95.5,.357,.317,.519,50.2,50.8,10.1,7.4,.472,19.0,29.7,.270
312,Texas-Rio Grande Valley,.400,-6.65,-0.65,1868,2026,69.4,88.7,.296,.418,.450,50.6,58.7,9.1,7.6,.405,17.9,33.4,.216
313,Toledo NCAA,.875,11.06,-0.09,2355,1998,69.3,105.0,.351,.339,.557,53.0,59.1,9.6,5.2,.513,15.9,27.0,.275
314,Towson,.656,-1.14,-5.42,2144,2007,71.4,93.8,.297,.288,.487,51.8,47.4,10.5,7.5,.451,18.1,33.7,.209
315,Troy,.567,1.53,-1.92,2499,2334,82.6,98.7,.294,.226,.461,54.2,44.4,13.7,9.1,.424,14.7,41.8,.203
316,Tulane,.581,8.76,3.70,2067,1864,69.5,95.1,.260,.371,.507,51.9,60.3,10.8,7.0,.475,19.9,34.2,.189
317,Tulsa,.567,5.01,1.18,2083,1968,72.1,96.3,.254,.500,.524,47.8,64.0,8.3,9.8,.497,18.5,25.3,.180
318,UAB,.452,-1.76,-0.65,2201,2162,72.9,97.0,.322,.430,.534,48.5,57.0,6.8,5.2,.493,18.9,24.5,.245
319,UC Davis,.533,-1.26,-0.54,1906,1832,68.6,92.6,.232,.442,.504,51.4,57.9,9.3,8.9,.480,19.4,27.4,.158
320,UC Irvine,.800,2.79,-3.71,1895,1600,65.9,92.8,.277,.331,.472,53.2,57.8,14.9,9.5,.427,18.7,38.3,.214
321,UC Riverside,.188,-9.48,-0.34,1644,1925,66.6,75.9,.249,.306,.411,45.6,52.4,11.1,6.8,.370,19.8,26.4,.179
322,UC San Diego,.433,-5.62,-1.49,1778,1902,68.1,87.0,.256,.439,.491,49.9,61.7,9.0,7.4,.453,21.5,25.3,.194
323,UC Santa Barbara,.636,1.64,-1.75,2206,2015,67.0,97.8,.365,.307,.528,52.8,59.1,9.6,5.5,.478,20.4,33.1,.283
324,UCLA NCAA,.735,25.05,16.73,2388,2105,69.3,99.9,.257,.346,.487,54.4,57.8,11.9,10.5,.447,15.6,38.5,.199
325,UNC Asheville,.387,-21.84,-12.60,1778,1943,70.4,81.4,.266,.370,.443,48.2,49.9,10.6,3.4,.410,21.2,29.7,.180
326,UNC Greensboro,.552,-12.46,-8.98,1908,1837,68.7,94.9,.272,.304,.478,50.0,47.7,10.6,8.8,.446,17.0,35.1,.187
327,UNC Wilmington,.167,-17.25,-5.57,1608,1921,68.1,78.4,.269,.209,.443,51.1,44.6,9.8,7.6,.398,24.7,34.6,.203
328,UT Arlington,.452,-0.77,1.10,2255,2307,76.6,93.5,.395,.200,.497,49.7,55.7,12.6,7.2,.454,19.0,31.8,.273
329,Utah NCAA,.862,31.03,13.48,2421,1912,73.6,113.0,.335,.397,.593,53.9,62.2,9.7,7.9,.556,16.6,33.2,.262
330,Utah State,.133,-18.89,0.87,1749,2305,73.3,79.5,.291,.393,.433,44.1,50.5,11.3,7.2,.385,19.3,25.4,.216
331,Utah Tech,.613,-1.40,-4.09,2327,2172,74.4,100.5,.247,.484,.561,47.7,55.7,11.0,6.0,.537,19.2,24.2,.179
332,Utah Valley,.200,-15.29,-1.25,1654,2038,67.5,80.4,.271,.332,.460,46.3,68.2,12.7,6.1,.425,22.0,23.8,.189
333,UTEP,.645,5.07,0.13,2134,1981,68.5,99.3,.359,.308,.506,50.8,54.7,10.2,4.8,.466,16.9,33.6,.254
334,UTSA,.406,0.20,2.74,2073,2154,70.7,91.0,.272,.279,.484,54.4,53.9,9.4,12.9,.447,21.3,37.6,.199
335,Valparaiso,.233,-11.24,0.60,1788,2143,69.3,85.7,.332,.459,.524,46.1,56.0,8.9,4.1,.487,24.7,20.6,.237
336,Vanderbilt,.387,8.08,11.56,2095,2203,70.6,94.9,.321,.333,.508,45.6,52.2,11.8,7.4,.466,18.4,29.4,.238
337,Vermont NCAA,.806,-2.89,-11.22,1909,1637,63.2,97.1,.251,.297,.509,52.1,60.2,9.5,9.0,.485,18.0,31.8,.170
338,Villanova NCAA,.824,25.01,12.74,2403,1986,66.3,106.7,.241,.341,.528,50.6,62.2,9.9,13.5,.495,13.0,31.6,.185
339,Virginia,.500,17.23,11.76,2062,1898,73.4,93.7,.266,.298,.482,53.7,59.1,11.8,10.9,.447,18.3,36.4,.190
340,Virginia Commonwealth,.250,-4.71,1.05,1602,1761,66.2,85.6,.248,.290,.448,51.7,44.5,10.8,7.3,.415,19.8,34.5,.173
341,Virginia Tech NCAA,.871,29.00,13.55,2248,1769,68.3,106.2,.296,.386,.553,54.9,58.6,7.6,8.4,.519,16.9,32.0,.223
342,Wagner,.464,-15.98,-13.40,1768,1840,71.9,87.5,.288,.239,.466,44.2,55.4,13.0,6.2,.432,18.1,26.9,.195
343,Wake Forest,.500,13.44,13.94,1898,1914,67.1,88.0,.275,.399,.475,48.6,59.1,9.7,9.2,.447,19.3,27.8,.181
344,Washington,.517,15.82,13.96,1786,1732,66.7,91.2,.208,.286,.476,55.0,57.4,11.7,10.0,.448,20.2,38.4,.151
345,Washington State NCAA,.697,22.40,16.16,2216,2010,68.2,97.4,.250,.339,.519,51.2,60.0,10.6,10.7,.489,18.8,31.9,.183
346,Weber State,.194,-13.76,-3.47,1767,2086,71.2,79.7,.379,.270,.452,48.8,50.4,9.5,7.4,.394,22.0,25.2,.280
347,West Virginia NCAA,.633,15.58,10.48,1983,1830,72.1,90.9,.258,.376,.478,47.0,46.8,13.3,5.8,.446,16.4,26.8,.183
348,Western Carolina,.300,-22.95,-9.03,1636,1959,66.1,81.8,.320,.282,.446,49.5,47.4,7.0,5.8,.410,22.0,32.9,.209
349,Western Illinois,.333,-13.93,-6.18,2025,2195,76.4,88.4,.371,.428,.473,45.2,56.0,11.7,7.3,.416,17.4,24.8,.280
350,Western Kentucky,.594,3.38,2.13,2240,2200,72.5,96.6,.317,.468,.498,47.0,52.9,16.5,6.2,.464,17.7,32.3,.218
351,Western Michigan,.414,-6.71,1.65,1832,2005,71.7,88.1,.276,.458,.481,45.9,55.0,13.4,6.6,.453,19.4,26.0,.182
352,Wichita State,.563,6.06,2.47,2126,2011,71.0,92.8,.328,.215,.490,54.3,53.6,10.5,8.1,.445,19.2,35.1,.243
353,William & Mary,.581,-6.84,-6.45,2056,2068,69.8,93.5,.247,.373,.490,45.2,58.9,10.8,6.7,.451,16.8,27.0,.194
354,Winthrop,.267,-24.41,-15.03,1553,1794,66.3,78.1,.289,.265,.449,47.4,45.4,13.7,7.0,.414,24.7,30.6,.192
355,Wisconsin,.355,8.21,12.34,2124,2252,72.1,94.3,.273,.378,.526,48.7,65.4,11.2,9.8,.490,21.3,29.5,.208
356,Wofford,.710,-3.77,-6.67,2167,2015,69.7,100.3,.252,.413,.505,46.3,45.1,11.0,6.8,.474,12.7,26.3,.184
357,Wright State,.250,-14.41,-0.57,2116,2484,70.1,94.3,.192,.481,.525,39.6,53.4,8.3,4.2,.504,16.9,16.5,.137
358,Wyoming,.688,6.47,1.74,2099,1881,64.3,101.2,.263,.347,.541,54.9,59.7,8.4,9.5,.507,18.1,30.4,.204
359,Xavier,.233,-1.98,8.72,1657,1978,69.7,79.2,.235,.257,.441,46.6,62.5,11.5,9.6,.412,21.9,28.2,.155
360,Yale,.481,-4.12,0.99,1607,1745,69.3,85.1,.267,.327,.450,51.0,53.7,12.7,7.5,.418,21.1,35.4,.177
361,Youngstown State,.633,-1.15,-5.83,2016,1785,68.3,97.9,.262,.438,.522,52.5,65.8,9.3,7.4,.499,18.1,28.9,.176